Adult Summary,Run Date: 02/12/2025,,,,,,,,,,,,,,,,,,,,,,,,,,,,,,,,,,,,,,
NASELLE HATCHERY,,,,,,,,,,,,,,,,,,,,,,,,,,,,,,,,,,,,,,,
Date Range: 01/01/2019 - 02/12/2025,,,,,,,,,,,,,,,,,,,,,,,,,,,,,,,,,,,,,,,
,,,,,,,,,,,,,,,,,,,,,,,,,,,,,,,,,,,,,,,
Species: COHO,,,,,,,,,,,,,,,,,,,,,,,,,,,,,,,,,,,,,,,
Run: NA,,,,,,,,,,,,,,,,,,,,,,,,,,,,,,,,,,,,,,,
,,,,,,,,,,,,,,,,,,,,,,,,,,,,,,,,,,,,,,,
Date,Brood,Adults In,Jacks In,Male Plant,Female Plant,Jack Plant,Adult Ship,Male Ship,Female Ship,Jack Ship,Male Morts,Female Morts,Jack Morts,Male Surplus,Female Surplus,Jack Surplus,Lethal Male Spawn,Lethal Female Spawn,Lethal Jack Spawn,Lethal NVF Spawn,Live Male Spawn,Live Female Spawn,Live Jack Spawn,Live NVF Spawn,Egg Count,Adults On Hand,Jacks On Hand,Mark Info,Other Mark,Checked for Wire,Wire Present,Wire Collected,CWT Detected Males,CWT Detected Females,CWT Detected Jacks,CWT Collected Males,CWT Collected Females,CWT Collected Jacks,Bag Number
08/22/2019,CO:NA:NASE:2019:H,1,0,,,,,,,,,,,,,,,,,,,,,,,1,0,,,N,N,N,,,,,,,
08/23/2019,CO:NA:NASE:2019:H,1,0,,,,,,,,,,,,,,,,,,,,,,,2,0,,,N,N,N,,,,,,,
08/24/2019,CO:NA:NASE:2019:H,1,0,,,,,,,,,,,,,,,,,,,,,,,3,0,,,N,N,N,,,,,,,
08/25/2019,CO:NA:NASE:2019:H,1,0,,,,,,,,,,,,,,,,,,,,,,,4,0,,,N,N,N,,,,,,,
08/26/2019,CO:NA:NASE:2019:H,1,0,,,,,,,,,,,,,,,,,,,,,,,5,0,,,N,N,N,,,,,,,
09/01/2019,CO:NA:NASE:2019:H,1,0,,,,,,,,,,,,,,,,,,,,,,,6,0,,,N,N,N,,,,,,,
09/02/2019,CO:NA:NASE:2019:H,1,0,,,,,,,,,,,,,,,,,,,,,,,7,0,,,N,N,N,,,,,,,
09/03/2019,CO:NA:NASE:2019:H,4,0,,,,,,,,,,,,,,,,,,,,,,,11,0,,,N,N,N,,,,,,,
09/04/2019,CO:NA:NASE:2019:H,4,0,,,,,,,,,,,,,,,,,,,,,,,15,0,,,N,N,N,,,,,,,
09/05/2019,CO:NA:NASE:2019:H,2,0,,,,,,,,,,,,,,,,,,,,,,,17,0,,,N,N,N,,,,,,,
09/05/2019,CO:NA:NASE:2019:H,0,0,,,,,,,,1,0,0,,,,,,,,,,,,,16,0,AD,,Y,N,N,,,,,,,
09/05/2019,CO:NA:NASE:2019:W,1,0,,,,,,,,,,,,,,,,,,,,,,,17,0,,,N,N,N,,,,,,,
09/05/2019,CO:NA:NASE:2019:W,0,0,0,1,0,,,,,,,,,,,,,,,,,,,,16,0,UM,,Y,N,N,,,,,,,
09/06/2019,CO:NA:NASE:2019:H,1,0,,,,,,,,,,,,,,,,,,,,,,,17,0,,,N,N,N,,,,,,,
09/08/2019,CO:NA:NASE:2019:H,2,0,,,,,,,,,,,,,,,,,,,,,,,19,0,,,N,N,N,,,,,,,
09/09/2019,CO:NA:NASE:2019:H,3,1,,,,,,,,,,,,,,,,,,,,,,,22,1,,,N,N,N,,,,,,,
09/10/2019,CO:NA:NASE:2019:H,20,0,,,,,,,,,,,,,,,,,,,,,,,42,1,,,N,N,N,,,,,,,
09/11/2019,CO:NA:NASE:2019:H,15,0,,,,,,,,,,,,,,,,,,,,,,,57,1,,,N,N,N,,,,,,,
09/12/2019,CO:NA:NASE:2019:H,5,0,,,,,,,,,,,,,,,,,,,,,,,62,1,,,N,N,N,,,,,,,
09/13/2019,CO:NA:NASE:2019:H,5,0,,,,,,,,,,,,,,,,,,,,,,,67,1,,,N,N,N,,,,,,,
09/14/2019,CO:NA:NASE:2019:H,5,0,,,,,,,,,,,,,,,,,,,,,,,72,1,,,N,N,N,,,,,,,
09/15/2019,CO:NA:NASE:2019:H,10,0,,,,,,,,,,,,,,,,,,,,,,,82,1,,,N,N,N,,,,,,,
09/16/2019,CO:NA:NASE:2019:H,10,0,,,,,,,,,,,,,,,,,,,,,,,92,1,,,N,N,N,,,,,,,
09/17/2019,CO:NA:NASE:2019:H,20,0,,,,,,,,,,,,,,,,,,,,,,,112,1,,,N,N,N,,,,,,,
09/17/2019,CO:NA:NASE:2019:H,0,0,,,,,,,,0,3,0,,,,,,,,,,,,,109,1,AD,,Y,N,N,,,,,,,
09/18/2019,CO:NA:NASE:2019:H,10,0,,,,,,,,,,,,,,,,,,,,,,,119,1,,,N,N,N,,,,,,,
09/19/2019,CO:NA:NASE:2019:H,5,0,,,,,,,,,,,,,,,,,,,,,,,124,1,,,N,N,N,,,,,,,
09/20/2019,CO:NA:NASE:2019:H,5,0,,,,,,,,,,,,,,,,,,,,,,,129,1,,,N,N,N,,,,,,,
09/21/2019,CO:NA:NASE:2019:H,5,0,,,,,,,,,,,,,,,,,,,,,,,134,1,,,N,N,N,,,,,,,
09/21/2019,CO:NA:NASE:2019:H,0,0,,,,,,,,0,0,1,,,,,,,,,,,,,134,0,AD,,Y,N,N,,,,,,,
09/21/2019,CO:NA:NASE:2019:W,1,0,,,,,,,,,,,,,,,,,,,,,,,135,0,,,N,N,N,,,,,,,
09/21/2019,CO:NA:NASE:2019:W,0,0,,,,,,,,1,0,0,,,,,,,,,,,,,134,0,UM,,Y,N,N,,,,,,,
09/22/2019,CO:NA:NASE:2019:H,15,0,,,,,,,,,,,,,,,,,,,,,,,149,0,,,N,N,N,,,,,,,
09/24/2019,CO:NA:NASE:2019:H,1881,49,,,,,,,,,,,,,,,,,,,,,,,2030,49,,,N,N,N,,,,,,,
09/24/2019,CO:NA:NASE:2019:H,0,0,,,,,,,,4,5,1,450,521,48,,,,,,,,,,1050,0,AD,,Y,N,N,,,,,,,
09/24/2019,CO:NA:NASE:2019:W,6,0,,,,,,,,,,,,,,,,,,,,,,,1056,0,,,N,N,N,,,,,,,
09/24/2019,CO:NA:NASE:2019:W,0,0,5,1,0,,,,,,,,,,,,,,,,,,,,1050,0,UM,,Y,N,N,,,,,,,
09/29/2019,CO:NA:NASE:2019:H,0,0,,,,,,,,4,3,0,,,,,,,,,,,,,1043,0,AD,,Y,N,N,,,,,,,
10/01/2019,CO:NA:NASE:2019:H,954,25,,,,,,,,,,,,,,,,,,,,,,,1997,25,,,N,N,N,,,,,,,
10/01/2019,CO:NA:NASE:2019:H,0,0,,,,,,,,4,3,0,299,391,25,,,,,,,,,,1300,0,AD,,Y,N,N,,,,,,,
10/01/2019,CO:NA:NASE:2019:W,27,0,,,,,,,,,,,,,,,,,,,,,,,1327,0,,,N,N,N,,,,,,,
10/01/2019,CO:NA:NASE:2019:W,0,0,14,13,0,,,,,,,,,,,,,,,,,,,,1300,0,UM,,Y,N,N,,,,,,,
10/08/2019,CO:NA:NASE:2019:H,673,22,,,,,,,,,,,,,,,,,,,,,,,1973,22,,,N,N,N,,,,,,,
10/08/2019,CO:NA:NASE:2019:H,0,0,,,,,,,,2,5,0,176,190,12,,,,,,,,,,1600,10,AD,,Y,N,N,,,,,,,
10/08/2019,CO:NA:NASE:2019:W,10,1,,,,,,,,,,,,,,,,,,,,,,,1610,11,,,N,N,N,,,,,,,
10/08/2019,CO:NA:NASE:2019:W,0,0,7,3,1,,,,,,,,,,,,,,,,,,,,1600,10,UM,,Y,N,N,,,,,,,
10/14/2019,CO:NA:NASE:2019:H,104,0,,,,,,,,,,,,,,,,,,,,,,,1704,10,,,N,N,N,,,,,,,
10/14/2019,CO:NA:NASE:2019:W,6,0,,,,,,,,,,,,,,,,,,,,,,,1710,10,,,N,N,N,,,,,,,
10/15/2019,CO:NA:NASE:2019:H,0,0,,,,,,,,8,14,1,60,44,0,,,,,,,,,,1584,9,AD,,Y,N,N,,,,,,,
10/15/2019,CO:NA:NASE:2019:W,0,0,5,1,0,,,,,,,,,,,,,,,,,,,,1578,9,UM,,Y,N,N,,,,,,,
10/22/2019,CO:NA:NASE:2019:H,3362,56,,,,,,,,,,,,,,,,,,,,,,,4940,65,,,N,N,N,,,,,,,
10/22/2019,CO:NA:NASE:2019:H,0,0,,,,,,,,2,3,0,1602,1332,65,,,,,,,,,,2001,0,AD,,Y,N,N,,,,,,,
10/22/2019,CO:NA:NASE:2019:H,0,0,,,,,,,,0,1,0,,,,,,,,,,,,,2000,0,AD,,Y,Y,Y,0,1,0,0,1,0,60515
10/22/2019,CO:NA:NASE:2019:W,94,1,,,,,,,,,,,,,,,,,,,,,,,2094,1,,,N,N,N,,,,,,,
10/22/2019,CO:NA:NASE:2019:W,0,0,69,22,1,,,,,3,0,0,,,,,,,,,,,,,2000,0,UM,,Y,N,N,,,,,,,
10/29/2019,CO:NA:NASE:2019:H,127,278,,,,,,,,,,,,,,,,,,,,,,,2127,278,,,N,N,N,,,,,,,
10/29/2019,CO:NA:NASE:2019:H,0,0,,,,,,,,39,51,29,43,0,209,570,619,40,5,,,,,,800,0,AD,,Y,N,N,,,,,,,
10/29/2019,CO:NA:NASE:2019:M,0,0,,,,,,,,,,,,,,,,,,,,,,1392600,800,0,,,N,N,N,,,,,,,
10/29/2019,CO:NA:NASE:2019:W,37,0,,,,,,,,,,,,,,,,,,,,,,,837,0,,,N,N,N,,,,,,,
10/29/2019,CO:NA:NASE:2019:W,0,0,,,,,,,,,,,,,,23,14,0,0,,,,,,800,0,UM,,Y,N,N,,,,,,,
11/05/2019,CO:NA:NASE:2019:H,342,141,,,,,,,,,,,,,,,,,,,,,,,1142,141,,,N,N,N,,,,,,,
11/05/2019,CO:NA:NASE:2019:H,0,0,,,,,,,,14,16,4,243,280,106,268,314,31,7,,,,,,0,0,AD,,Y,N,N,,,,,,,
11/05/2019,CO:NA:NASE:2019:M,0,0,,,,,,,,,,,,,,,,,,,,,,704000,0,0,,,N,N,N,,,,,,,
11/05/2019,CO:NA:NASE:2019:W,42,5,,,,,,,,,,,,,,,,,,,,,,,42,5,,,N,N,N,,,,,,,
11/05/2019,CO:NA:NASE:2019:W,0,0,8,10,2,,,,,,,,,,,18,6,3,0,,,,,,0,0,UM,,Y,N,N,,,,,,,
11/12/2019,CO:NA:NASE:2019:H,253,0,,,,,,,,,,,,,,,,,,,,,,,253,0,,,N,N,N,,,,,,,
11/12/2019,CO:NA:NASE:2019:H,0,0,,,,,,,,0,3,0,,,,,,,,,,,,,250,0,AD,,Y,N,N,,,,,,,
11/12/2019,CO:NA:NASE:2019:W,9,0,,,,,,,,,,,,,,,,,,,,,,,259,0,,,N,N,N,,,,,,,
11/12/2019,CO:NA:NASE:2019:W,0,0,7,2,0,,,,,,,,,,,,,,,,,,,,250,0,UM,,Y,N,N,,,,,,,
11/15/2019,CO:NA:NASE:2019:H,475,69,,,,,,,,,,,,,,,,,,,,,,,725,69,,,N,N,N,,,,,,,
11/15/2019,CO:NA:NASE:2019:H,0,0,,,,,,,,4,4,2,332,385,67,,,,,,,,,,0,0,AD,,Y,N,N,,,,,,,
11/15/2019,CO:NA:NASE:2019:W,10,0,,,,,,,,,,,,,,,,,,,,,,,10,0,,,N,N,N,,,,,,,
11/15/2019,CO:NA:NASE:2019:W,0,0,6,4,0,,,,,,,,,,,,,,,,,,,,0,0,UM,,Y,N,N,,,,,,,
11/19/2019,CO:NA:NASE:2019:H,781,6,,,,,,,,,,,,,,,,,,,,,,,781,6,,,N,N,N,,,,,,,
11/19/2019,CO:NA:NASE:2019:H,0,0,,,,,,,,2,4,0,418,357,6,,,,,,,,,,0,0,AD,,Y,N,N,,,,,,,
11/19/2019,CO:NA:NASE:2019:W,33,0,,,,,,,,,,,,,,,,,,,,,,,33,0,,,N,N,N,,,,,,,
11/19/2019,CO:NA:NASE:2019:W,0,0,21,12,0,,,,,,,,,,,,,,,,,,,,0,0,UM,,Y,N,N,,,,,,,
11/25/2019,CO:NA:NASE:2019:H,418,8,,,,,,,,,,,,,,,,,,,,,,,418,8,,,N,N,N,,,,,,,
11/25/2019,CO:NA:NASE:2019:H,0,0,,,,,,,,9,3,1,264,142,7,,,,,,,,,,0,0,AD,,Y,N,N,,,,,,,
11/25/2019,CO:NA:NASE:2019:W,23,0,,,,,,,,,,,,,,,,,,,,,,,23,0,,,N,N,N,,,,,,,
11/25/2019,CO:NA:NASE:2019:W,0,0,19,4,0,,,,,,,,,,,,,,,,,,,,0,0,UM,,Y,N,N,,,,,,,
12/02/2019,CO:NA:NASE:2019:H,33,4,,,,,,,,,,,,,,,,,,,,,,,33,4,,,N,N,N,,,,,,,
12/02/2019,CO:NA:NASE:2019:W,2,0,,,,,,,,,,,,,,,,,,,,,,,35,4,,,N,N,N,,,,,,,
12/03/2019,CO:NA:NASE:2019:H,0,0,,,,,,,,7,1,0,14,11,4,,,,,,,,,,2,0,AD,,Y,N,N,,,,,,,
12/03/2019,CO:NA:NASE:2019:W,0,0,2,0,0,,,,,,,,,,,,,,,,,,,,0,0,UM,,Y,N,N,,,,,,,
09/03/2020,CO:NA:NASE:2020:H,1,1,,,,,,,,,,,,,,,,,,,,,,,1,1,,,N,N,N,,,,,,,
09/03/2020,CO:NA:NASE:2020:H,0,0,,,,,,,,1,0,0,,,,,,,,,,,,,0,1,AD,,Y,N,N,,,,,,,
09/04/2020,CO:NA:NASE:2020:H,0,1,,,,,,,,,,,,,,,,,,,,,,,0,2,,,N,N,N,,,,,,,
09/06/2020,CO:NA:NASE:2020:H,1,0,,,,,,,,,,,,,,,,,,,,,,,1,2,,,N,N,N,,,,,,,
09/08/2020,CO:NA:NASE:2020:H,1,0,,,,,,,,,,,,,,,,,,,,,,,2,2,,,N,N,N,,,,,,,
09/09/2020,CO:NA:NASE:2020:H,2,0,,,,,,,,,,,,,,,,,,,,,,,4,2,,,N,N,N,,,,,,,
09/10/2020,CO:NA:NASE:2020:H,2,0,,,,,,,,,,,,,,,,,,,,,,,6,2,,,N,N,N,,,,,,,
09/11/2020,CO:NA:NASE:2020:H,0,0,,,,,,,,,,,,,,,,,,,,,,,6,2,,,N,N,N,,,,,,,
09/11/2020,CO:NA:NASE:2020:H,0,0,,,,,,,,0,2,0,,,,,,,,,,,,,4,2,AD,,Y,N,N,,,,,,,
09/12/2020,CO:NA:NASE:2020:H,2,0,,,,,,,,,,,,,,,,,,,,,,,6,2,,,N,N,N,,,,,,,
09/12/2020,CO:NA:NASE:2020:H,0,0,,,,,,,,0,1,0,,,,,,,,,,,,,5,2,AD,,Y,N,N,,,,,,,
09/13/2020,CO:NA:NASE:2020:H,5,0,,,,,,,,,,,,,,,,,,,,,,,10,2,,,N,N,N,,,,,,,
09/20/2020,CO:NA:NASE:2020:H,50,0,,,,,,,,,,,,,,,,,,,,,,,60,2,,,N,N,N,,,,,,,
09/21/2020,CO:NA:NASE:2020:H,20,0,,,,,,,,,,,,,,,,,,,,,,,80,2,,,N,N,N,,,,,,,
09/24/2020,CO:NA:NASE:2020:H,1000,0,,,,,,,,,,,,,,,,,,,,,,,1080,2,,,N,N,N,,,,,,,
09/25/2020,CO:NA:NASE:2020:H,0,0,,,,,,,,1,0,0,,,,,,,,,,,,,1079,2,AD,,Y,N,N,,,,,,,
09/29/2020,CO:NA:NASE:2020:H,8000,310,,,,,,,,,,,,,,,,,,,,,,,9079,312,,,N,N,N,,,,,,,
09/29/2020,CO:NA:NASE:2020:H,0,0,,,,,,,,,,,1604,1683,312,,,,,,,,,,5792,0,AD,,Y,N,N,,,,,,,
09/29/2020,CO:NA:NASE:2020:H,0,0,,,,,,,,,,,1,1,0,,,,,,,,,,5790,0,AD,,Y,Y,Y,1,1,0,1,1,0,61695
09/29/2020,CO:NA:NASE:2020:H,0,0,,,,,,,,,,,1,0,0,,,,,,,,,,5789,0,UM,,Y,Y,Y,1,0,0,1,0,0,61695
09/30/2020,CO:NA:NASE:2020:H,2000,481,,,,,,,,,,,,,,,,,,,,,,,7789,481,,,N,N,N,,,,,,,
09/30/2020,CO:NA:NASE:2020:H,0,0,,,,,,,,58,69,5,1199,1092,476,,,,,,,,,,5371,0,AD,,Y,N,N,,,,,,,
10/01/2020,CO:NA:NASE:2020:H,861,274,,,,,,,,,,,,,,,,,,,,,,,6232,274,,,N,N,N,,,,,,,
10/01/2020,CO:NA:NASE:2020:H,0,0,,,,,,,,5,15,2,818,894,272,,,,,,,,,,4500,0,AD,,Y,N,N,,,,,,,
10/05/2020,CO:NA:NASE:2020:H,137,321,,,,,,,,,,,,,,,,,,,,,,,4637,321,,,N,N,N,,,,,,,
10/05/2020,CO:NA:NASE:2020:H,0,0,,,,,,,,23,24,3,1811,1499,162,,,,,,,,,,1280,156,AD,,Y,N,N,,,,,,,
10/06/2020,CO:NA:NASE:2020:H,0,0,,,,,,,,,,,,,,,,,,,,,,,1280,156,,,N,N,N,,,,,,,
10/06/2020,CO:NA:NASE:2020:H,0,0,,,,,,,,0,2,0,671,607,156,,,,,,,,,,0,0,AD,,Y,N,N,,,,,,,
10/07/2020,CO:NA:NASE:2020:H,345,117,,,,,,,,,,,,,,,,,,,,,,,345,117,,,N,N,N,,,,,,,
10/07/2020,CO:NA:NASE:2020:H,0,0,,,,,,,,4,8,0,156,177,117,,,,,,,,,,0,0,AD,,Y,N,N,,,,,,,
10/08/2020,CO:NA:NASE:2020:H,523,11,,,,,,,,,,,,,,,,,,,,,,,523,11,,,N,N,N,,,,,,,
10/08/2020,CO:NA:NASE:2020:H,0,0,,,,,,,,14,9,11,,,,,,,,,,,,,500,0,AD,,Y,N,N,,,,,,,
10/08/2020,CO:NA:NASE:2020:W,8,0,,,,,,,,,,,,,,,,,,,,,,,508,0,,,N,N,N,,,,,,,
10/08/2020,CO:NA:NASE:2020:W,0,0,5,3,0,,,,,,,,,,,,,,,,,,,,500,0,UM,,Y,N,N,,,,,,,
10/14/2020,CO:NA:NASE:2020:H,3091,208,,,,,,,,,,,,,,,,,,,,,,,3591,208,,,N,N,N,,,,,,,
10/14/2020,CO:NA:NASE:2020:H,0,0,,,,,,,,3,11,0,1602,1174,208,,,,,,,,,,801,0,AD,,Y,N,N,,,,,,,
10/14/2020,CO:NA:NASE:2020:H,0,0,,,,,,,,1,0,0,,,,,,,,,,,,,800,0,AD,,Y,Y,Y,1,0,0,1,0,0,61691
10/15/2020,CO:NA:NASE:2020:H,0,0,,,,,,,,2,5,0,,,,,,,,,,,,,793,0,AD,,Y,N,N,,,,,,,
10/19/2020,CO:NA:NASE:2020:H,700,3,,,,,,,,,,,,,,,,,,,,,,,1493,3,,,N,N,N,,,,,,,
10/19/2020,CO:NA:NASE:2020:H,0,0,,,,,,,,3,9,3,,,,,,,,,,,,,1481,0,AD,,Y,N,N,,,,,,,
10/19/2020,CO:NA:NASE:2020:W,9,0,,,,,,,,,,,,,,,,,,,,,,,1490,0,,,N,N,N,,,,,,,
10/19/2020,CO:NA:NASE:2020:W,0,0,3,3,0,,,,,2,1,0,,,,,,,,,,,,,1481,0,UM,,Y,N,N,,,,,,,
10/27/2020,CO:NA:NASE:2020:H,253,225,,,,,,,,,,,,,,,,,,,,,,,1734,225,,,N,N,N,,,,,,,
10/27/2020,CO:NA:NASE:2020:H,0,0,,,,,,,,29,43,4,7,0,209,316,329,12,10,,,,,,1000,0,AD,,Y,N,N,,,,,,,
10/27/2020,CO:NA:NASE:2020:M,0,0,,,,,,,,,,,,,,,,,,,,,,767800,1000,0,,,N,N,N,,,,,,,
10/27/2020,CO:NA:NASE:2020:W,46,1,,,,,,,,,,,,,,,,,,,,,,,1046,1,,,N,N,N,,,,,,,
10/27/2020,CO:NA:NASE:2020:W,0,0,,,,,,,,2,3,1,,,,21,20,0,0,,,,,,1000,0,UM,,Y,N,N,,,,,,,
11/04/2020,CO:NA:NASE:2020:H,601,68,,,,,,,,,,,,,,,,,,,,,,,1601,68,,,N,N,N,,,,,,,
11/04/2020,CO:NA:NASE:2020:H,0,0,,,,,,,,27,63,0,19,0,63,488,504,5,0,,,,,,500,0,AD,,Y,N,N,,,,,,,
11/04/2020,CO:NA:NASE:2020:M,0,0,,,,,,,,,,,,,,,,,,,,,,1141800,500,0,,,N,N,N,,,,,,,
11/04/2020,CO:NA:NASE:2020:W,41,2,,,,,,,,,,,,,,,,,,,,,,,541,2,,,N,N,N,,,,,,,
11/04/2020,CO:NA:NASE:2020:W,0,0,0,0,2,,,,,,,,,,,26,15,0,0,,,,,,500,0,UM,,Y,N,N,,,,,,,
11/06/2020,CO:NA:NASE:2020:H,1647,65,,,,,,,,,,,,,,,,,,,,,,,2147,65,,,N,N,N,,,,,,,
11/06/2020,CO:NA:NASE:2020:H,0,0,,,,,,,,5,7,6,540,506,58,40,48,1,0,,,,,,1001,0,AD,,Y,N,N,,,,,,,
11/06/2020,CO:NA:NASE:2020:H,0,0,,,,,,,,,,,,,,1,0,0,0,,,,,,1000,0,UM,,Y,Y,Y,1,0,0,1,0,0,60558
11/06/2020,CO:NA:NASE:2020:M,0,0,,,,,,,,,,,,,,,,,,,,,,110000,1000,0,,,N,N,N,,,,,,,
11/06/2020,CO:NA:NASE:2020:W,23,0,,,,,,,,,,,,,,,,,,,,,,,1023,0,,,N,N,N,,,,,,,
11/06/2020,CO:NA:NASE:2020:W,0,0,9,4,0,,,,,,,,,,,8,2,0,0,,,,,,1000,0,UM,,Y,N,N,,,,,,,
11/09/2020,CO:NA:NASE:2020:H,1553,155,,,,,,,,,,,,,,,,,,,,,,,2553,155,,,N,N,N,,,,,,,
11/09/2020,CO:NA:NASE:2020:H,0,0,,,,,,,,3,23,2,1222,1305,153,,,,,,,,,,0,0,AD,,Y,N,N,,,,,,,
11/09/2020,CO:NA:NASE:2020:W,27,8,,,,,,,,,,,,,,,,,,,,,,,27,8,,,N,N,N,,,,,,,
11/09/2020,CO:NA:NASE:2020:W,0,0,17,10,8,,,,,,,,,,,,,,,,,,,,0,0,UM,,Y,N,N,,,,,,,
11/16/2020,CO:NA:NASE:2020:H,949,40,,,,,,,,,,,,,,,,,,,,,,,949,40,,,N,N,N,,,,,,,
11/16/2020,CO:NA:NASE:2020:H,0,0,,,,,,,,0,2,1,358,589,39,,,,,,,,,,0,0,AD,,Y,N,N,,,,,,,
11/16/2020,CO:NA:NASE:2020:W,19,0,,,,,,,,,,,,,,,,,,,,,,,19,0,,,N,N,N,,,,,,,
11/16/2020,CO:NA:NASE:2020:W,0,0,7,12,0,,,,,,,,,,,,,,,,,,,,0,0,UM,,Y,N,N,,,,,,,
11/30/2020,CO:NA:NASE:2020:H,287,50,,,,,,,,,,,,,,,,,,,,,,,287,50,,,N,N,N,,,,,,,
11/30/2020,CO:NA:NASE:2020:H,0,0,,,,,,,,49,46,13,89,103,37,,,,,,,,,,0,0,AD,,Y,N,N,,,,,,,
11/30/2020,CO:NA:NASE:2020:W,6,0,,,,,,,,,,,,,,,,,,,,,,,6,0,,,N,N,N,,,,,,,
11/30/2020,CO:NA:NASE:2020:W,0,0,4,2,0,,,,,,,,,,,,,,,,,,,,0,0,UM,,Y,N,N,,,,,,,
09/07/2021,CO:NA:NASE:2021:H,0,1,,,,,,,,,,,,,,,,,,,,,,,0,1,,,N,N,N,,,,,,,
09/12/2021,CO:NA:NASE:2021:H,1,0,,,,,,,,,,,,,,,,,,,,,,,1,1,,,N,N,N,,,,,,,
09/13/2021,CO:NA:NASE:2021:H,1,0,,,,,,,,,,,,,,,,,,,,,,,2,1,,,N,N,N,,,,,,,
09/14/2021,CO:NA:NASE:2021:H,0,1,,,,,,,,,,,,,,,,,,,,,,,2,2,,,N,N,N,,,,,,,
09/16/2021,CO:NA:NASE:2021:H,1,0,,,,,,,,,,,,,,,,,,,,,,,3,2,,,N,N,N,,,,,,,
09/17/2021,CO:NA:NASE:2021:H,1,0,,,,,,,,,,,,,,,,,,,,,,,4,2,,,N,N,N,,,,,,,
09/20/2021,CO:NA:NASE:2021:H,300,0,,,,,,,,,,,,,,,,,,,,,,,304,2,,,N,N,N,,,,,,,
09/27/2021,CO:NA:NASE:2021:H,1500,0,,,,,,,,,,,,,,,,,,,,,,,1804,2,,,N,N,N,,,,,,,
09/28/2021,CO:NA:NASE:2021:H,375,297,,,,,,,,,,,,,,,,,,,,,,,2179,299,,,N,N,N,,,,,,,
09/28/2021,CO:NA:NASE:2021:H,0,0,,,,,,,,,,,389,290,299,,,,,,,,,,1500,0,AD,,Y,N,N,,,,,,,
09/28/2021,CO:NA:NASE:2021:W,10,0,,,,,,,,,,,,,,,,,,,,,,,1510,0,,,N,N,N,,,,,,,
09/28/2021,CO:NA:NASE:2021:W,0,0,5,5,0,,,,,,,,,,,,,,,,,,,,1500,0,UM,,Y,N,N,,,,,,,
09/30/2021,CO:NA:NASE:2021:H,914,346,,,,,,,,,,,,,,,,,,,,,,,2414,346,,,N,N,N,,,,,,,
09/30/2021,CO:NA:NASE:2021:H,0,0,,,,,,,,1,2,0,959,952,346,,,,,,,,,,500,0,AD,,Y,N,N,,,,,,,
09/30/2021,CO:NA:NASE:2021:W,14,0,,,,,,,,,,,,,,,,,,,,,,,514,0,,,N,N,N,,,,,,,
09/30/2021,CO:NA:NASE:2021:W,0,0,11,3,0,,,,,,,,,,,,,,,,,,,,500,0,UM,,Y,N,N,,,,,,,
10/05/2021,CO:NA:NASE:2021:H,1906,306,,,,,,,,,,,,,,,,,,,,,,,2406,306,,,N,N,N,,,,,,,
10/05/2021,CO:NA:NASE:2021:H,0,0,,,,,,,,1,0,4,1001,875,302,,,,,,,,,,529,0,AD,,Y,N,N,,,,,,,
10/05/2021,CO:NA:NASE:2021:W,0,0,18,11,0,,,,,,,,,,,,,,,,,,,,500,0,UM,,Y,N,N,,,,,,,
10/06/2021,CO:NA:NASE:2021:H,0,4,,,,,,,,,,,,,,,,,,,,,,,500,4,,,N,N,N,,,,,,,
10/06/2021,CO:NA:NASE:2021:H,0,0,,,,,,,,0,0,4,,,,,,,,,,,,,500,0,AD,,Y,N,N,,,,,,,
10/12/2021,CO:NA:NASE:2021:H,500,2,,,,,,,,,,,,,,,,,,,,,,,1000,2,,,N,N,N,,,,,,,
10/12/2021,CO:NA:NASE:2021:H,0,0,,,,,,,,0,0,2,,,,,,,,,,,,,1000,0,AD,,Y,N,N,,,,,,,
10/12/2021,CO:NA:NASE:2021:W,2,0,,,,,,,,,,,,,,,,,,,,,,,1002,0,,,N,N,N,,,,,,,
10/12/2021,CO:NA:NASE:2021:W,0,0,1,1,0,,,,,,,,,,,,,,,,,,,,1000,0,UM,,Y,N,N,,,,,,,
10/15/2021,CO:NA:NASE:2021:H,204,73,,,,,,,,,,,,,,,,,,,,,,,1204,73,,,N,N,N,,,,,,,
10/15/2021,CO:NA:NASE:2021:H,0,0,,,,,,,,0,3,0,1,0,73,,,,,,,,,,1200,0,AD,,Y,N,N,,,,,,,
10/19/2021,CO:NA:NASE:2021:H,1872,54,,,,,,,,,,,,,,,,,,,,,,,3072,54,,,N,N,N,,,,,,,
10/19/2021,CO:NA:NASE:2021:H,0,0,,,,,,,,4,13,3,648,436,51,,,,,,,,,,1971,0,AD,,Y,N,N,,,,,,,
10/19/2021,CO:NA:NASE:2021:W,29,0,,,,,,,,,,,,,,,,,,,,,,,2000,0,,,N,N,N,,,,,,,
10/26/2021,CO:NA:NASE:2021:H,1961,349,,,,,,,,,,,,,,,,,,,,,,,3961,349,,,N,N,N,,,,,,,
10/26/2021,CO:NA:NASE:2021:H,0,0,,,,,,,,22,30,12,1180,557,319,308,355,18,9,,,,,,1500,0,AD,,Y,N,N,,,,,,,
10/26/2021,CO:NA:NASE:2021:M,0,0,,,,,,,,,,,,,,,,,,,,,,792000,1500,0,,,N,N,N,,,,,,,
10/26/2021,CO:NA:NASE:2021:W,39,0,,,,,,,,,,,,,,,,,,,,,,,1539,0,,,N,N,N,,,,,,,
10/26/2021,CO:NA:NASE:2021:W,0,0,,,,,,,,,,,,,,34,5,0,0,,,,,,1500,0,UM,,Y,N,N,,,,,,,
11/02/2021,CO:NA:NASE:2021:H,3512,336,,,,,,,,,,,,,,,,,,,,,,,5012,336,,,N,N,N,,,,,,,
11/02/2021,CO:NA:NASE:2021:H,0,0,,,,,,,,7,13,5,1088,771,131,290,315,12,3,,,,,,2525,188,AD,,Y,N,N,,,,,,,
11/02/2021,CO:NA:NASE:2021:M,0,0,,,,,,,,,,,,,,,,,,,,,,704000,2525,188,,,N,N,N,,,,,,,
11/02/2021,CO:NA:NASE:2021:W,0,0,7,4,0,,,,,,,,,,,18,5,0,0,,,,,,2491,188,UM,,Y,N,N,,,,,,,
11/03/2021,CO:NA:NASE:2021:H,1000,0,,,,,,,,,,,,,,,,,,,,,,,3491,188,,,N,N,N,,,,,,,
11/03/2021,CO:NA:NASE:2021:H,0,0,,,,,,,,22,31,9,1319,1153,179,,,,,,,,,,966,0,AD,,Y,N,N,,,,,,,
11/03/2021,CO:NA:NASE:2021:W,56,0,,,,,,,,,,,,,,,,,,,,,,,1022,0,,,N,N,N,,,,,,,
11/03/2021,CO:NA:NASE:2021:W,0,0,18,4,0,,,,,,,,,,,,,,,,,,,,1000,0,UM,,Y,N,N,,,,,,,
11/09/2021,CO:NA:NASE:2021:H,3082,891,,,,,,,,,,,,,,,,,,,,,,,4082,891,,,N,N,N,,,,,,,
11/09/2021,CO:NA:NASE:2021:H,0,0,,,,,,,,70,78,9,1712,1935,860,133,154,22,0,,,,,,0,0,AD,,Y,N,N,,,,,,,
11/09/2021,CO:NA:NASE:2021:M,0,0,,,,,,,,,,,,,,,,,,,,,,352000,0,0,,,N,N,N,,,,,,,
11/09/2021,CO:NA:NASE:2021:W,65,3,,,,,,,,,,,,,,,,,,,,,,,65,3,,,N,N,N,,,,,,,
11/09/2021,CO:NA:NASE:2021:W,0,0,33,21,3,,,,,,,,,,,5,6,0,0,,,,,,0,0,UM,,Y,N,N,,,,,,,
11/16/2021,CO:NA:NASE:2021:H,1407,251,,,,,,,,,,,,,,,,,,,,,,,1407,251,,,N,N,N,,,,,,,
11/16/2021,CO:NA:NASE:2021:H,0,0,,,,,,,,8,12,6,660,727,245,,,,,,,,,,0,0,AD,,Y,N,N,,,,,,,
11/16/2021,CO:NA:NASE:2021:W,29,0,,,,,,,,,,,,,,,,,,,,,,,29,0,,,N,N,N,,,,,,,
11/16/2021,CO:NA:NASE:2021:W,0,0,16,13,0,,,,,,,,,,,,,,,,,,,,0,0,UM,,Y,N,N,,,,,,,
11/23/2021,CO:NA:NASE:2021:H,448,21,,,,,,,,,,,,,,,,,,,,,,,448,21,,,N,N,N,,,,,,,
11/23/2021,CO:NA:NASE:2021:H,0,0,,,,,,,,7,13,0,221,207,21,,,,,,,,,,0,0,AD,,Y,N,N,,,,,,,
11/23/2021,CO:NA:NASE:2021:W,8,0,,,,,,,,,,,,,,,,,,,,,,,8,0,,,N,N,N,,,,,,,
11/23/2021,CO:NA:NASE:2021:W,0,0,6,2,0,,,,,,,,,,,,,,,,,,,,0,0,UM,,Y,N,N,,,,,,,
12/07/2021,CO:NA:NASE:2021:H,17,2,,,,,,,,,,,,,,,,,,,,,,,17,2,,,N,N,N,,,,,,,
12/07/2021,CO:NA:NASE:2021:H,0,0,,,,,,,,8,9,2,,,,,,,,,,,,,0,0,AD,,Y,N,N,,,,,,,
08/25/2022,CO:NA:NASE:2022:H,2,0,,,,,,,,,,,,,,,,,,,,,,,2,0,,,N,N,N,,,,,,,
08/26/2022,CO:NA:NASE:2022:H,1,0,,,,,,,,,,,,,,,,,,,,,,,3,0,,,N,N,N,,,,,,,
08/27/2022,CO:NA:NASE:2022:H,1,0,,,,,,,,,,,,,,,,,,,,,,,4,0,,,N,N,N,,,,,,,
08/29/2022,CO:NA:NASE:2022:H,1,0,,,,,,,,,,,,,,,,,,,,,,,5,0,,,N,N,N,,,,,,,
08/30/2022,CO:NA:NASE:2022:H,1,0,,,,,,,,,,,,,,,,,,,,,,,6,0,,,N,N,N,,,,,,,
08/30/2022,CO:NA:NASE:2022:H,0,0,,,,,,,,1,0,0,,,,,,,,,,,,,5,0,AD,,Y,N,N,,,,,,,
08/31/2022,CO:NA:NASE:2022:H,1,0,,,,,,,,,,,,,,,,,,,,,,,6,0,,,N,N,N,,,,,,,
09/02/2022,CO:NA:NASE:2022:H,1,0,,,,,,,,,,,,,,,,,,,,,,,7,0,,,N,N,N,,,,,,,
09/03/2022,CO:NA:NASE:2022:H,0,0,,,,,,,,1,0,0,,,,,,,,,,,,,6,0,AD,,Y,N,N,,,,,,,
09/04/2022,CO:NA:NASE:2022:H,2,0,,,,,,,,,,,,,,,,,,,,,,,8,0,,,N,N,N,,,,,,,
09/05/2022,CO:NA:NASE:2022:H,2,0,,,,,,,,,,,,,,,,,,,,,,,10,0,,,N,N,N,,,,,,,
09/06/2022,CO:NA:NASE:2022:H,1,0,,,,,,,,,,,,,,,,,,,,,,,11,0,,,N,N,N,,,,,,,
09/08/2022,CO:NA:NASE:2022:H,1,0,,,,,,,,,,,,,,,,,,,,,,,12,0,,,N,N,N,,,,,,,
09/09/2022,CO:NA:NASE:2022:H,1,0,,,,,,,,,,,,,,,,,,,,,,,13,0,,,N,N,N,,,,,,,
09/10/2022,CO:NA:NASE:2022:H,2,0,,,,,,,,,,,,,,,,,,,,,,,15,0,,,N,N,N,,,,,,,
09/12/2022,CO:NA:NASE:2022:H,1,0,,,,,,,,,,,,,,,,,,,,,,,16,0,,,N,N,N,,,,,,,
09/13/2022,CO:NA:NASE:2022:H,1,0,,,,,,,,,,,,,,,,,,,,,,,17,0,,,N,N,N,,,,,,,
09/14/2022,CO:NA:NASE:2022:H,2,0,,,,,,,,,,,,,,,,,,,,,,,19,0,,,N,N,N,,,,,,,
09/14/2022,CO:NA:NASE:2022:H,0,0,,,,,,,,1,0,0,,,,,,,,,,,,,18,0,AD,,Y,N,N,,,,,,,
09/15/2022,CO:NA:NASE:2022:H,6,0,,,,,,,,,,,,,,,,,,,,,,,24,0,,,N,N,N,,,,,,,
09/16/2022,CO:NA:NASE:2022:H,12,0,,,,,,,,,,,,,,,,,,,,,,,36,0,,,N,N,N,,,,,,,
09/17/2022,CO:NA:NASE:2022:H,2,0,,,,,,,,,,,,,,,,,,,,,,,38,0,,,N,N,N,,,,,,,
09/18/2022,CO:NA:NASE:2022:H,24,1,,,,,,,,,,,,,,,,,,,,,,,62,1,,,N,N,N,,,,,,,
09/19/2022,CO:NA:NASE:2022:H,9,0,,,,,,,,,,,,,,,,,,,,,,,71,1,,,N,N,N,,,,,,,
09/19/2022,CO:NA:NASE:2022:H,0,0,,,,,,,,0,1,0,,,,,,,,,,,,,70,1,AD,,Y,N,N,,,,,,,
09/20/2022,CO:NA:NASE:2022:H,122,0,,,,,,,,,,,,,,,,,,,,,,,192,1,,,N,N,N,,,,,,,
09/26/2022,CO:NA:NASE:2022:H,95,20,,,,,,,,,,,,,,,,,,,,,,,287,21,,,N,N,N,,,,,,,
09/26/2022,CO:NA:NASE:2022:H,0,0,,,,,,,,1,2,0,161,123,21,,,,,,,,,,0,0,AD,,Y,N,N,,,,,,,
09/26/2022,CO:NA:NASE:2022:W,2,0,,,,,,,,,,,,,,,,,,,,,,,2,0,,,N,N,N,,,,,,,
09/26/2022,CO:NA:NASE:2022:W,0,0,1,1,0,,,,,,,,,,,,,,,,,,,,0,0,UM,,Y,N,N,,,,,,,
09/30/2022,CO:NA:NASE:2022:H,1781,22,,,,,,,,,,,,,,,,,,,,,,,1781,22,,,N,N,N,,,,,,,
09/30/2022,CO:NA:NASE:2022:H,0,0,,,,,,,,0,2,0,570,709,22,,,,,,,,,,500,0,AD,,Y,N,N,,,,,,,
10/03/2022,CO:NA:NASE:2022:H,2279,42,,,,,,,,,,,,,,,,,,,,,,,2779,42,,,N,N,N,,,,,,,
10/03/2022,CO:NA:NASE:2022:H,0,0,,,,,,,,6,6,0,860,907,42,,,,,,,,,,1000,0,AD,,Y,N,N,,,,,,,
10/03/2022,CO:NA:NASE:2022:W,2,0,,,,,,,,,,,,,,,,,,,,,,,1002,0,,,N,N,N,,,,,,,
10/03/2022,CO:NA:NASE:2022:W,0,0,1,1,0,,,,,,,,,,,,,,,,,,,,1000,0,UM,,Y,N,N,,,,,,,
10/06/2022,CO:NA:NASE:2022:H,2204,70,,,,,,,,,,,,,,,,,,,,,,,3204,70,,,N,N,N,,,,,,,
10/06/2022,CO:NA:NASE:2022:H,0,0,,,,,,,,30,11,0,1069,1094,70,,,,,,,,,,1000,0,AD,,Y,N,N,,,,,,,
10/06/2022,CO:NA:NASE:2022:W,1,0,,,,,,,,,,,,,,,,,,,,,,,1001,0,,,N,N,N,,,,,,,
10/06/2022,CO:NA:NASE:2022:W,0,0,1,0,0,,,,,,,,,,,,,,,,,,,,1000,0,UM,,Y,N,N,,,,,,,
10/10/2022,CO:NA:NASE:2022:H,557,21,,,,,,,,,,,,,,,,,,,,,,,1557,21,,,N,N,N,,,,,,,
10/10/2022,CO:NA:NASE:2022:H,0,0,,,,,,,,96,103,0,447,411,21,,,,,,,,,,500,0,AD,,Y,N,N,,,,,,,
10/10/2022,CO:NA:NASE:2022:W,3,0,,,,,,,,,,,,,,,,,,,,,,,503,0,,,N,N,N,,,,,,,
10/10/2022,CO:NA:NASE:2022:W,0,0,,,,,,,,1,2,0,,,,,,,,,,,,,500,0,UM,,Y,N,N,,,,,,,
10/11/2022,CO:NA:NASE:2022:H,1711,78,,,,,,,,,,,,,,,,,,,,,,,2211,78,,,N,N,N,,,,,,,
10/11/2022,CO:NA:NASE:2022:H,0,0,,,,,,,,5,20,0,1207,979,78,,,,,,,,,,0,0,AD,,Y,N,N,,,,,,,
10/11/2022,CO:NA:NASE:2022:W,6,0,,,,,,,,,,,,,,,,,,,,,,,6,0,,,N,N,N,,,,,,,
10/11/2022,CO:NA:NASE:2022:W,0,0,3,3,0,,,,,,,,,,,,,,,,,,,,0,0,UM,,Y,N,N,,,,,,,
10/14/2022,CO:NA:NASE:2022:H,615,2,,,,,,,,,,,,,,,,,,,,,,,615,2,,,N,N,N,,,,,,,
10/14/2022,CO:NA:NASE:2022:H,0,0,,,,,,,,42,73,2,,,,,,,,,,,,,500,0,AD,,Y,N,N,,,,,,,
10/17/2022,CO:NA:NASE:2022:H,2518,103,,,,,,,,,,,,,,,,,,,,,,,3018,103,,,N,N,N,,,,,,,
10/17/2022,CO:NA:NASE:2022:H,0,0,,,,,,,,81,107,0,1496,1334,103,,,,,,,,,,0,0,AD,,Y,N,N,,,,,,,
10/17/2022,CO:NA:NASE:2022:W,4,0,,,,,,,,,,,,,,,,,,,,,,,4,0,,,N,N,N,,,,,,,
10/17/2022,CO:NA:NASE:2022:W,0,0,4,0,0,,,,,,,,,,,,,,,,,,,,0,0,UM,,Y,N,N,,,,,,,
10/24/2022,CO:NA:NASE:2022:H,1454,0,,,,,,,,,,,,,,,,,,,,,,,1454,0,,,N,N,N,,,,,,,
10/24/2022,CO:NA:NASE:2022:H,0,0,,,,,,,,80,172,0,2,0,0,,,,,,,,,,1200,0,AD,,Y,N,N,,,,,,,
10/31/2022,CO:NA:NASE:2022:H,4264,94,,,,,,,,,,,,,,,,,,,,,,,5464,94,,,N,N,N,,,,,,,
10/31/2022,CO:NA:NASE:2022:H,0,0,,,,,,,,40,35,0,850,499,89,515,515,5,10,,,,,,3000,0,AD,,Y,N,N,,,,,,,
10/31/2022,CO:NA:NASE:2022:M,0,0,,,,,,,,,,,,,,,,,,,,,,1161600,3000,0,,,N,N,N,,,,,,,
10/31/2022,CO:NA:NASE:2022:W,30,0,,,,,,,,,,,,,,,,,,,,,,,3030,0,,,N,N,N,,,,,,,
10/31/2022,CO:NA:NASE:2022:W,0,0,5,4,0,,,,,,,,,,,8,13,0,0,,,,,,3000,0,UM,,Y,N,N,,,,,,,
11/02/2022,CO:NA:NASE:2022:H,3412,118,,,,,,,,,,,,,,,,,,,,,,,6412,118,,,N,N,N,,,,,,,
11/02/2022,CO:NA:NASE:2022:H,0,0,,,,,,,,465,370,24,2395,1195,95,,,,,,,,,,1987,-1,AD,,Y,N,N,,,,,,,
11/02/2022,CO:NA:NASE:2022:W,12,0,,,,,,,,,,,,,,,,,,,,,,,1999,-1,,,N,N,N,,,,,,,
11/02/2022,CO:NA:NASE:2022:W,0,0,10,2,0,,,,,,,,,,,,,,,,,,,,1987,-1,UM,,Y,N,N,,,,,,,
11/03/2022,CO:NA:NASE:2022:H,13,1,,,,,,,,,,,,,,,,,,,,,,,2000,0,,,N,N,N,,,,,,,
11/07/2022,CO:NA:NASE:2022:H,4273,136,,,,,,,,,,,,,,,,,,,,,,,6273,136,,,N,N,N,,,,,,,
11/07/2022,CO:NA:NASE:2022:H,0,0,,,,,,,,,,,2170,1467,126,305,319,10,12,,,,,,2000,0,AD,,Y,N,N,,,,,,,
11/07/2022,CO:NA:NASE:2022:M,0,0,,,,,,,,,,,,,,,,,,,,,,717200,2000,0,,,N,N,N,,,,,,,
11/07/2022,CO:NA:NASE:2022:W,25,0,,,,,,,,,,,,,,,,,,,,,,,2025,0,,,N,N,N,,,,,,,
11/07/2022,CO:NA:NASE:2022:W,0,0,1,6,0,,,,,,,,,,,11,7,0,0,,,,,,2000,0,UM,,Y,N,N,,,,,,,
11/09/2022,CO:NA:NASE:2022:H,3523,202,,,,,,,,,,,,,,,,,,,,,,,5523,202,,,N,N,N,,,,,,,
11/09/2022,CO:NA:NASE:2022:H,0,0,,,,,,,,,,,2700,1823,202,,,,,,,,,,1000,0,AD,,Y,N,N,,,,,,,
11/09/2022,CO:NA:NASE:2022:W,7,0,,,,,,,,,,,,,,,,,,,,,,,1007,0,,,N,N,N,,,,,,,
11/09/2022,CO:NA:NASE:2022:W,0,0,3,4,0,,,,,,,,,,,,,,,,,,,,1000,0,UM,,Y,N,N,,,,,,,
11/14/2022,CO:NA:NASE:2022:H,1634,123,,,,,,,,,,,,,,,,,,,,,,,2634,123,,,N,N,N,,,,,,,
11/14/2022,CO:NA:NASE:2022:H,0,0,,,,,,,,325,388,19,1021,900,104,,,,,,,,,,0,0,AD,,Y,N,N,,,,,,,
11/14/2022,CO:NA:NASE:2022:W,6,0,,,,,,,,,,,,,,,,,,,,,,,6,0,,,N,N,N,,,,,,,
11/14/2022,CO:NA:NASE:2022:W,0,0,4,2,0,,,,,,,,,,,,,,,,,,,,0,0,UM,,Y,N,N,,,,,,,
11/21/2022,CO:NA:NASE:2022:H,35,3,,,,,,,,,,,,,,,,,,,,,,,35,3,,,N,N,N,,,,,,,
11/21/2022,CO:NA:NASE:2022:H,0,0,,,,,,,,9,4,2,18,4,1,,,,,,,,,,0,0,AD,,Y,N,N,,,,,,,
11/21/2022,CO:NA:NASE:2022:W,3,0,,,,,,,,,,,,,,,,,,,,,,,3,0,,,N,N,N,,,,,,,
11/21/2022,CO:NA:NASE:2022:W,0,0,1,2,0,,,,,,,,,,,,,,,,,,,,0,0,UM,,Y,N,N,,,,,,,
11/28/2022,CO:NA:NASE:2022:H,420,4,,,,,,,,,,,,,,,,,,,,,,,420,4,,,N,N,N,,,,,,,
11/28/2022,CO:NA:NASE:2022:W,2,0,,,,,,,,,,,,,,,,,,,,,,,422,4,,,N,N,N,,,,,,,
11/29/2022,CO:NA:NASE:2022:H,0,0,,,,,,,,1,3,0,216,200,4,,,,,,,,,,2,0,AD,,Y,N,N,,,,,,,
11/29/2022,CO:NA:NASE:2022:W,0,0,1,1,0,,,,,,,,,,,,,,,,,,,,0,0,UM,,Y,N,N,,,,,,,
12/05/2022,CO:NA:NASE:2022:H,988,32,,,,,,,,,,,,,,,,,,,,,,,988,32,,,N,N,N,,,,,,,
12/05/2022,CO:NA:NASE:2022:H,0,0,,,,,,,,1,2,0,551,419,32,,,,,,,,,,15,0,AD,,Y,N,N,,,,,,,
12/05/2022,CO:NA:NASE:2022:W,3,0,,,,,,,,,,,,,,,,,,,,,,,18,0,,,N,N,N,,,,,,,
12/05/2022,CO:NA:NASE:2022:W,0,0,3,0,0,,,,,,,,,,,,,,,,,,,,15,0,UM,,Y,N,N,,,,,,,
12/06/2022,CO:NA:NASE:2022:H,0,0,,,,,,,,,,,,,,,,,,,,,,,15,0,,,N,N,N,,,,,,,
12/12/2022,CO:NA:NASE:2022:H,0,0,,,,,,,,9,6,0,,,,,,,,,,,,,0,0,AD,,Y,N,N,,,,,,,
12/19/2022,CO:NA:NASE:2022:H,29,0,,,,,,,,,,,,,,,,,,,,,,,29,0,,,N,N,N,,,,,,,
12/19/2022,CO:NA:NASE:2022:H,0,0,,,,,,,,8,21,0,,,,,,,,,,,,,0,0,AD,,Y,N,N,,,,,,,
08/07/2023,CO:NA:NASE:2023:H,1,0,,,,,,,,,,,,,,,,,,,,,,,1,0,,,N,N,N,,,,,,,
09/19/2023,CO:NA:NASE:2023:H,1,0,,,,,,,,,,,,,,,,,,,,,,,2,0,,,N,N,N,,,,,,,
09/19/2023,CO:NA:NASE:2023:H,0,0,,,,,,,,0,1,0,,,,,,,,,,,,,1,0,AD,,Y,N,N,,,,,,,
09/26/2023,CO:NA:NASE:2023:H,394,25,,,,,,,,,,,,,,,,,,,,,,,395,25,,,N,N,N,,,,,,,
09/26/2023,CO:NA:NASE:2023:H,0,0,,,,,,,,,,,99,96,25,,,,,,,,,,200,0,AD,,Y,N,N,,,,,,,
10/01/2023,CO:NA:NASE:2023:H,0,0,,,,,,,,0,1,0,,,,,,,,,,,,,199,0,AD,,Y,N,N,,,,,,,
10/02/2023,CO:NA:NASE:2023:H,0,0,,,,,,,,1,4,3,137,170,157,,,,,,,,,,-113,-160,AD,,Y,N,N,,,,,,,
10/02/2023,CO:NA:NASE:2023:H,0,0,,,,,,,,0,1,0,,,,,,,,,,,,,-114,-160,AD,,Y,Y,Y,0,1,0,0,1,0,56131
10/02/2023,CO:NA:NASE:2023:W,0,0,5,0,0,,,,,,,,,,,,,,,,,,,,-119,-160,UM,,Y,N,N,,,,,,,
10/03/2023,CO:NA:NASE:2023:H,1982,548,,,,,,,,,,,,,,,,,,,,,,,1863,388,,,N,N,N,,,,,,,
10/03/2023,CO:NA:NASE:2023:H,0,0,,,,,,,,,,,448,602,284,,,,,,,,,,813,104,AD,,Y,N,N,,,,,,,
10/03/2023,CO:NA:NASE:2023:H,0,0,,,,,,,,,,,2,2,0,,,,,,,,,,809,104,AD,,Y,Y,Y,2,2,0,2,2,0,60519
10/03/2023,CO:NA:NASE:2023:W,5,0,,,,,,,,,,,,,,,,,,,,,,,814,104,,,N,N,N,,,,,,,
10/03/2023,CO:NA:NASE:2023:W,0,0,6,8,4,,,,,,,,,,,,,,,,,,,,800,100,UM,,Y,N,N,,,,,,,
10/08/2023,CO:NA:NASE:2023:H,0,0,,,,,,,,0,14,3,,,,,,,,,,,,,786,97,AD,,Y,N,N,,,,,,,
10/09/2023,CO:NA:NASE:2023:H,2423,1217,,,,,,,,,,,,,,,,,,,,,,,3209,1314,,,N,N,N,,,,,,,
10/09/2023,CO:NA:NASE:2023:H,0,0,,,,,,,,,,,1353,1456,1114,,,,,,,,,,400,200,AD,,Y,N,N,,,,,,,
10/09/2023,CO:NA:NASE:2023:W,107,30,,,,,,,,,,,,,,,,,,,,,,,507,230,,,N,N,N,,,,,,,
10/09/2023,CO:NA:NASE:2023:W,0,0,54,39,26,,,,,,,,,,,,,,,,,,,,414,204,UM,,Y,N,N,,,,,,,
10/10/2023,CO:NA:NASE:2023:H,982,0,,,,,,,,,,,,,,,,,,,,,,,1396,204,,,N,N,N,,,,,,,
10/10/2023,CO:NA:NASE:2023:H,0,0,,,,,,,,1,1,1,187,207,130,,,,,,,,,,1000,73,AD,,Y,N,N,,,,,,,
10/10/2023,CO:NA:NASE:2023:W,8,1,,,,,,,,,,,,,,,,,,,,,,,1008,74,,,N,N,N,,,,,,,
10/10/2023,CO:NA:NASE:2023:W,0,0,5,3,1,,,,,,,,,,,,,,,,,,,,1000,73,UM,,Y,N,N,,,,,,,
10/12/2023,CO:NA:NASE:2023:H,0,0,,,,,,,,4,2,1,,,,,,,,,,,,,994,72,AD,,Y,N,N,,,,,,,
10/15/2023,CO:NA:NASE:2023:H,0,0,,,,,,,,0,8,3,,,,,,,,,,,,,986,69,AD,,Y,N,N,,,,,,,
10/15/2023,CO:NA:NASE:2023:W,0,0,,,,,,,,0,1,1,,,,,,,,,,,,,985,68,UM,,Y,N,N,,,,,,,
10/16/2023,CO:NA:NASE:2023:H,241,460,,,,,,,,,,,,,,,,,,,,,,,1226,528,,,N,N,N,,,,,,,
10/16/2023,CO:NA:NASE:2023:H,0,0,,,,,,,,1,0,0,624,599,528,,,,,,,,,,2,0,AD,,Y,N,N,,,,,,,
10/16/2023,CO:NA:NASE:2023:H,0,0,,,,,,,,,,,2,1,1,,,,,,,,,,-1,-1,AD,,Y,Y,Y,2,1,1,2,1,1,60522
10/16/2023,CO:NA:NASE:2023:W,68,7,,,,,,,,,,,,,,,,,,,,,,,67,6,,,N,N,N,,,,,,,
10/16/2023,CO:NA:NASE:2023:W,0,0,30,37,6,,,,,,,,,,,,,,,,,,,,0,0,UM,,Y,N,N,,,,,,,
10/23/2023,CO:NA:NASE:2023:H,215,0,,,,,,,,,,,,,,,,,,,,,,,215,0,,,N,N,N,,,,,,,
10/23/2023,CO:NA:NASE:2023:H,0,0,,,,,,,,7,8,0,,,,,,,,,,,,,200,0,AD,,Y,N,N,,,,,,,
10/23/2023,CO:NA:NASE:2023:W,13,0,,,,,,,,,,,,,,,,,,,,,,,213,0,,,N,N,N,,,,,,,
10/23/2023,CO:NA:NASE:2023:W,0,0,10,3,0,,,,,,,,,,,,,,,,,,,,200,0,UM,,Y,N,N,,,,,,,
10/31/2023,CO:NA:NASE:2023:H,459,17,,,,,,,,,,,,,,,,,,,,,,,659,17,,,N,N,N,,,,,,,
10/31/2023,CO:NA:NASE:2023:H,0,0,,,,,,,,39,20,17,,,,403,417,11,5,,,,,,-225,-11,AD,,Y,N,N,,,,,,,
10/31/2023,CO:NA:NASE:2023:M,0,0,,,,,,,,,,,,,,,,,,,,,,946000,-225,-11,,,N,N,N,,,,,,,
10/31/2023,CO:NA:NASE:2023:W,7,0,,,,,,,,,,,,,,,,,,,,,,,-218,-11,,,N,N,N,,,,,,,
10/31/2023,CO:NA:NASE:2023:W,0,0,3,4,0,,,,,,,,,,,16,13,0,0,,,,,,-254,-11,UM,,Y,N,N,,,,,,,
11/06/2023,CO:NA:NASE:2023:H,1125,212,,,,,,,,,,,,,,,,,,,,,,,871,201,,,N,N,N,,,,,,,
11/06/2023,CO:NA:NASE:2023:W,29,0,,,,,,,,,,,,,,,,,,,,,,,900,201,,,N,N,N,,,,,,,
11/07/2023,CO:NA:NASE:2023:H,0,0,,,,,,,,,,,300,0,200,,,,,,,,,,600,1,AD,,Y,N,N,,,,,,,
11/07/2023,CO:NA:NASE:2023:H,0,0,,,,,,,,,,,0,0,1,,,,,,,,,,600,0,AD,,Y,Y,Y,0,0,1,0,0,1,60523
11/14/2023,CO:NA:NASE:2023:H,416,472,,,,,,,,,,,,,,,,,,,,,,,1016,472,,,N,N,N,,,,,,,
11/14/2023,CO:NA:NASE:2023:H,0,0,,,,,,,,17,6,0,243,56,465,340,351,7,3,,,,,,0,0,AD,,Y,N,N,,,,,,,
11/14/2023,CO:NA:NASE:2023:M,0,0,,,,,,,,,,,,,,,,,,,,,,792000,0,0,,,N,N,N,,,,,,,
11/14/2023,CO:NA:NASE:2023:W,114,20,,,,,,,,,,,,,,,,,,,,,,,114,20,,,N,N,N,,,,,,,
11/14/2023,CO:NA:NASE:2023:W,0,0,55,37,20,,,,,,,,,,,13,9,0,0,,,,,,0,0,UM,,Y,N,N,,,,,,,
11/16/2023,CO:NA:NASE:2023:H,25,21,,,,,,,,,,,,,,,,,,,,,,,25,21,,,N,N,N,,,,,,,
11/16/2023,CO:NA:NASE:2023:H,0,0,,,,,,,,16,9,21,,,,,,,,,,,,,0,0,AD,,Y,N,N,,,,,,,
11/20/2023,CO:NA:NASE:2023:H,92,14,,,,,,,,,,,,,,,,,,,,,,,92,14,,,N,N,N,,,,,,,
11/20/2023,CO:NA:NASE:2023:H,0,0,,,,,,,,,,,53,39,14,,,,,,,,,,0,0,AD,,Y,N,N,,,,,,,
11/20/2023,CO:NA:NASE:2023:W,16,3,,,,,,,,,,,,,,,,,,,,,,,16,3,,,N,N,N,,,,,,,
11/20/2023,CO:NA:NASE:2023:W,0,0,12,4,3,,,,,,,,,,,,,,,,,,,,0,0,UM,,Y,N,N,,,,,,,
11/27/2023,CO:NA:NASE:2023:H,29,17,,,,,,,,,,,,,,,,,,,,,,,29,17,,,N,N,N,,,,,,,
11/29/2023,CO:NA:NASE:2023:H,0,0,,,,,,,,6,2,1,14,7,16,,,,,,,,,,0,0,AD,,Y,N,N,,,,,,,
08/26/2024,CO:NA:NASE:2024:H,0,1,,,,,,,,,,,,,,,,,,,,,,,0,1,,,N,N,N,,,,,,,
09/15/2024,CO:NA:NASE:2024:H,0,0,,,,,,,,1,0,0,,,,,,,,,,,,,-1,1,AD,,Y,N,N,,,,,,,
09/17/2024,CO:NA:NASE:2024:H,1,0,,,,,,,,,,,,,,,,,,,,,,,0,1,,,N,N,N,,,,,,,
09/23/2024,CO:NA:NASE:2024:H,0,0,,,,,,,,2,0,0,,,,,,,,,,,,,-2,1,AD,,Y,N,N,,,,,,,
09/24/2024,CO:NA:NASE:2024:H,997,90,,,,,,,,,,,,,,,,,,,,,,,995,91,,,N,N,N,,,,,,,
09/24/2024,CO:NA:NASE:2024:H,0,0,,,,,,,,2,3,0,358,431,90,,,,,,,,,,201,1,AD,,Y,N,N,,,,,,,
09/24/2024,CO:NA:NASE:2024:H,0,0,,,,,,,,,,,0,1,0,,,,,,,,,,200,1,AD,,Y,Y,Y,0,1,0,0,1,0,60539
09/24/2024,CO:NA:NASE:2024:W,19,0,,,,,,,,,,,,,,,,,,,,,,,219,1,,,N,N,N,,,,,,,
09/24/2024,CO:NA:NASE:2024:W,0,0,12,7,0,,,,,,,,,,,,,,,,,,,,200,1,UM,,Y,N,N,,,,,,,
09/26/2024,CO:NA:NASE:2024:H,136,33,,,,,,,,,,,,,,,,,,,,,,,336,34,,,N,N,N,,,,,,,
09/26/2024,CO:NA:NASE:2024:H,0,0,,,,,,,,3,2,0,171,160,34,,,,,,,,,,0,0,AD,,Y,N,N,,,,,,,
09/26/2024,CO:NA:NASE:2024:W,5,0,,,,,,,,,,,,,,,,,,,,,,,5,0,,,N,N,N,,,,,,,
09/26/2024,CO:NA:NASE:2024:W,0,0,3,2,0,,,,,,,,,,,,,,,,,,,,0,0,UM,,Y,N,N,,,,,,,
09/30/2024,CO:NA:NASE:2024:H,526,15,,,,,,,,,,,,,,,,,,,,,,,526,15,,,N,N,N,,,,,,,
09/30/2024,CO:NA:NASE:2024:H,0,0,,,,,,,,3,0,0,308,215,15,,,,,,,,,,0,0,AD,,Y,N,N,,,,,,,
09/30/2024,CO:NA:NASE:2024:W,20,0,,,,,,,,,,,,,,,,,,,,,,,20,0,,,N,N,N,,,,,,,
09/30/2024,CO:NA:NASE:2024:W,0,0,12,8,0,,,,,,,,,,,,,,,,,,,,0,0,UM,,Y,N,N,,,,,,,
10/01/2024,CO:NA:NASE:2024:H,169,24,,,,,,,,,,,,,,,,,,,,,,,169,24,,,N,N,N,,,,,,,
10/01/2024,CO:NA:NASE:2024:H,0,0,,,,,,,,3,0,0,100,61,24,,,,,,,,,,5,0,AD,,Y,N,N,,,,,,,
10/01/2024,CO:NA:NASE:2024:W,5,0,,,,,,,,,,,,,,,,,,,,,,,10,0,,,N,N,N,,,,,,,
10/01/2024,CO:NA:NASE:2024:W,0,0,3,2,0,,,,,,,,,,,,,,,,,,,,5,0,UM,,Y,N,N,,,,,,,
10/07/2024,CO:NA:NASE:2024:H,232,35,,,,,,,,,,,,,,,,,,,,,,,237,35,,,N,N,N,,,,,,,
10/07/2024,CO:NA:NASE:2024:H,0,0,,,,,,,,3,3,0,132,99,35,,,,,,,,,,0,0,AD,,Y,N,N,,,,,,,
10/07/2024,CO:NA:NASE:2024:W,4,1,,,,,,,,,,,,,,,,,,,,,,,4,1,,,N,N,N,,,,,,,
10/07/2024,CO:NA:NASE:2024:W,0,0,3,1,1,,,,,,,,,,,,,,,,,,,,0,0,UM,,Y,N,N,,,,,,,
10/08/2024,CO:NA:NASE:2024:H,33,40,,,,,,,,,,,,,,,,,,,,,,,33,40,,,N,N,N,,,,,,,
10/08/2024,CO:NA:NASE:2024:H,0,0,,,,,,,,,,,19,14,40,,,,,,,,,,0,0,AD,,Y,N,N,,,,,,,
10/14/2024,CO:NA:NASE:2024:H,41,27,,,,,,,,,,,,,,,,,,,,,,,41,27,,,N,N,N,,,,,,,
10/14/2024,CO:NA:NASE:2024:H,0,0,,,,,,,,2,4,0,18,17,27,,,,,,,,,,0,0,AD,,Y,N,N,,,,,,,
10/14/2024,CO:NA:NASE:2024:W,1,0,,,,,,,,,,,,,,,,,,,,,,,1,0,,,N,N,N,,,,,,,
10/14/2024,CO:NA:NASE:2024:W,0,0,0,1,0,,,,,,,,,,,,,,,,,,,,0,0,AD,,Y,N,N,,,,,,,
10/21/2024,CO:NA:NASE:2024:H,3152,75,,,,,,,,,,,,,,,,,,,,,,,3152,75,,,N,N,N,,,,,,,
10/21/2024,CO:NA:NASE:2024:H,0,0,,,,,,,,16,17,3,1461,658,72,,,,,,,,,,1000,0,AD,,Y,N,N,,,,,,,
10/21/2024,CO:NA:NASE:2024:W,4,1,,,,,,,,,,,,,,,,,,,,,,,1004,1,,,N,N,N,,,,,,,
10/21/2024,CO:NA:NASE:2024:W,0,0,3,1,1,,,,,,,,,,,,,,,,,,,,1000,0,UM,,Y,N,N,,,,,,,
10/28/2024,CO:NA:NASE:2024:H,2393,24,,,,,,,,,,,,,,,,,,,,,,,3393,24,,,N,N,N,,,,,,,
10/28/2024,CO:NA:NASE:2024:H,0,0,,,,,,,,38,49,0,898,672,18,351,376,6,8,,,,,,1001,0,AD,,Y,N,N,,,,,,,
10/28/2024,CO:NA:NASE:2024:H,0,0,,,,,,,,,,,0,1,0,,,,,,,,,,1000,0,AD,,Y,Y,Y,0,1,0,0,1,0,60598
10/28/2024,CO:NA:NASE:2024:M,0,0,,,,,,,,,,,,,,,,,,,,,,851400,1000,0,,,N,N,N,,,,,,,
10/28/2024,CO:NA:NASE:2024:W,41,0,,,,,,,,,,,,,,,,,,,,,,,1041,0,,,N,N,N,,,,,,,
10/28/2024,CO:NA:NASE:2024:W,0,0,,,,,,,,,,,,,,30,11,0,0,,,,,,1000,0,UM,,Y,N,N,,,,,,,
11/04/2024,CO:NA:NASE:2024:H,5686,105,,,,,,,,,,,,,,,,,,,,,,,6686,105,,,N,N,N,,,,,,,
11/04/2024,CO:NA:NASE:2024:H,0,0,,,,,,,,37,29,1,2979,1871,104,383,387,0,0,,,,,,1000,0,AD,,Y,N,N,,,,,,,
11/04/2024,CO:NA:NASE:2024:M,0,0,,,,,,,,,,,,,,,,,,,,,,880000,1000,0,,,N,N,N,,,,,,,
11/04/2024,CO:NA:NASE:2024:W,111,9,,,,,,,,,,,,,,,,,,,,,,,1111,9,,,N,N,N,,,,,,,
11/04/2024,CO:NA:NASE:2024:W,0,0,60,23,7,,,,,,,,,,,15,13,2,0,,,,,,1000,0,UM,,Y,N,N,,,,,,,
11/07/2024,CO:NA:NASE:2024:H,0,0,,,,,,,,141,241,0,,,,,,,,,,,,,618,0,AD,,Y,N,N,,,,,,,
11/08/2024,CO:NA:NASE:2024:H,3768,78,,,,,,,,,,,,,,,,,,,,,,,4386,78,,,N,N,N,,,,,,,
11/08/2024,CO:NA:NASE:2024:H,0,0,,,,,,,,,,,2284,1702,78,,,,,,,,,,400,0,AD,,Y,N,N,,,,,,,
11/08/2024,CO:NA:NASE:2024:W,24,0,,,,,,,,,,,,,,,,,,,,,,,424,0,,,N,N,N,,,,,,,
11/08/2024,CO:NA:NASE:2024:W,0,0,14,10,0,,,,,,,,,,,,,,,,,,,,400,0,UM,,Y,N,N,,,,,,,
11/11/2024,CO:NA:NASE:2024:H,1887,101,,,,,,,,,,,,,,,,,,,,,,,2287,101,,,N,N,N,,,,,,,
11/11/2024,CO:NA:NASE:2024:W,36,3,,,,,,,,,,,,,,,,,,,,,,,2323,104,,,N,N,N,,,,,,,
11/12/2024,CO:NA:NASE:2024:H,0,0,,,,,,,,43,116,1,1174,954,100,,,,,,,,,,36,3,AD,,Y,N,N,,,,,,,
11/12/2024,CO:NA:NASE:2024:W,0,0,22,14,3,,,,,,,,,,,,,,,,,,,,0,0,UM,,Y,N,N,,,,,,,
11/18/2024,CO:NA:NASE:2024:H,801,18,,,,,,,,,,,,,,,,,,,,,,,801,18,,,N,N,N,,,,,,,
11/18/2024,CO:NA:NASE:2024:H,0,0,,,,,,,,,,,451,350,18,,,,,,,,,,0,0,AD,,Y,N,N,,,,,,,
11/18/2024,CO:NA:NASE:2024:W,24,5,,,,,,,,,,,,,,,,,,,,,,,24,5,,,N,N,N,,,,,,,
11/18/2024,CO:NA:NASE:2024:W,0,0,14,10,5,,,,,,,,,,,,,,,,,,,,0,0,UM,,Y,N,N,,,,,,,
11/25/2024,CO:NA:NASE:2024:H,246,7,,,,,,,,,,,,,,,,,,,,,,,246,7,,,N,N,N,,,,,,,
11/25/2024,CO:NA:NASE:2024:H,0,0,,,,,,,,,,,191,55,7,,,,,,,,,,0,0,AD,,Y,N,N,,,,,,,
,Totals,112542,10772,687,411,94,,0,0,0,2075,2536,249,52916,43746,10244,4957,5142,185,72,0,0,0,0,11312400,,,,,,,,8,8,2,8,8,2,
